<?xml version="1.0" encoding="UTF-8" ?>
<!DOCTYPE mapper PUBLIC "-//mybatis.org//DTD Mapper 3.0//EN" "http://mybatis.org/dtd/mybatis-3-mapper.dtd" >
<mapper namespace="com.megagao.production.ssm.mapper.authority.SysRoleMapper" >
  <resultMap id="BaseResultMap" type="com.megagao.production.ssm.domain.vo.RoleVO" >
    <id column="role_id" property="roleId" jdbcType="VARCHAR" />
    <result column="role_name" property="roleName" jdbcType="VARCHAR" />
    <result column="available" property="available" jdbcType="CHAR" />
  </resultMap>
  
  <!-- 扩展的sql -->
	<!-- 批量删除 -->
	<delete id="deleteBatch">
		DELETE
		FROM
			sys_role
		WHERE
			role_id IN
		<foreach collection="array" item="id" open="(" close=")" separator=",">
			#{id}
		</foreach>
	</delete>
	
	<!-- 修改状态，批量启用停用-->
	<update id="changeStatus">
		UPDATE sys_role
		SET available = #{available}
		WHERE
			role_id IN
		<foreach collection="ids" item="id" open="(" close=")" separator=",">
			#{id}
		</foreach>
	</update>
	
	<select id="searchRoleByRoleId" parameterType="string" resultMap="BaseResultMap">
		SELECT
			*
		FROM
			sys_role
		WHERE
			role_id LIKE CONCAT(
				'%',
				#{roleId},'%' ) 
	</select>
	
	<select id="searchRoleByRoleName" parameterType="string" resultMap="BaseResultMap">
		SELECT
			*
		FROM
			sys_role
		WHERE
			role_name LIKE CONCAT(
				'%',
				#{roleName},'%' ) 
	</select>
	
  <sql id="Example_Where_Clause" >
    <where >
      <foreach collection="oredCriteria" item="criteria" separator="or" >
        <if test="criteria.valid" >
          <trim prefix="(" suffix=")" prefixOverrides="and" >
            <foreach collection="criteria.criteria" item="criterion" >
              <choose >
                <when test="criterion.noValue" >
                  and ${criterion.condition}
                </when>
                <when test="criterion.singleValue" >
                  and ${criterion.condition} #{criterion.value}
                </when>
                <when test="criterion.betweenValue" >
                  and ${criterion.condition} #{criterion.value} and #{criterion.secondValue}
                </when>
                <when test="criterion.listValue" >
                  and ${criterion.condition}
                  <foreach collection="criterion.value" item="listItem" open="(" close=")" separator="," >
                    #{listItem}
                  </foreach>
                </when>
              </choose>
            </foreach>
          </trim>
        </if>
      </foreach>
    </where>
  </sql>
  <sql id="Update_By_Example_Where_Clause" >
    <where >
      <foreach collection="example.oredCriteria" item="criteria" separator="or" >
        <if test="criteria.valid" >
          <trim prefix="(" suffix=")" prefixOverrides="and" >
            <foreach collection="criteria.criteria" item="criterion" >
              <choose >
                <when test="criterion.noValue" >
                  and ${criterion.condition}
                </when>
                <when test="criterion.singleValue" >
                  and ${criterion.condition} #{criterion.value}
                </when>
                <when test="criterion.betweenValue" >
                  and ${criterion.condition} #{criterion.value} and #{criterion.secondValue}
                </when>
                <when test="criterion.listValue" >
                  and ${criterion.condition}
                  <foreach collection="criterion.value" item="listItem" open="(" close=")" separator="," >
                    #{listItem}
                  </foreach>
                </when>
              </choose>
            </foreach>
          </trim>
        </if>
      </foreach>
    </where>
  </sql>
  <sql id="Base_Column_List" >
    role_id, role_name, available
  </sql>
  <select id="selectByExample" resultMap="BaseResultMap" parameterType="sysRoleExample" >
    select
    <if test="distinct" >
      distinct
    </if>
    <include refid="Base_Column_List" />
    from sys_role
    <if test="_parameter != null" >
      <include refid="Example_Where_Clause" />
    </if>
    <if test="orderByClause != null" >
      order by ${orderByClause}
    </if>
  </select>
  <select id="selectByPrimaryKey" resultMap="BaseResultMap" parameterType="java.lang.String" >
    select 
    <include refid="Base_Column_List" />
    from sys_role
    where role_id = #{roleId,jdbcType=VARCHAR}
  </select>
  <delete id="deleteByPrimaryKey" parameterType="java.lang.String" >
    delete from sys_role
    where role_id = #{roleId,jdbcType=VARCHAR}
  </delete>
  <delete id="deleteByExample" parameterType="sysRoleExample" >
    delete from sys_role
    <if test="_parameter != null" >
      <include refid="Example_Where_Clause" />
    </if>
  </delete>
  <insert id="insert" parameterType="sysRole" >
    insert into sys_role (role_id, role_name, available
      )
    values (#{roleId,jdbcType=VARCHAR}, #{roleName,jdbcType=VARCHAR}, #{available,jdbcType=CHAR}
      )
  </insert>
  <insert id="insertSelective" parameterType="sysRole" >
    insert into sys_role
    <trim prefix="(" suffix=")" suffixOverrides="," >
      <if test="roleId != null" >
        role_id,
      </if>
      <if test="roleName != null" >
        role_name,
      </if>
      <if test="available != null" >
        available,
      </if>
    </trim>
    <trim prefix="values (" suffix=")" suffixOverrides="," >
      <if test="roleId != null" >
        #{roleId,jdbcType=VARCHAR},
      </if>
      <if test="roleName != null" >
        #{roleName,jdbcType=VARCHAR},
      </if>
      <if test="available != null" >
        #{available,jdbcType=CHAR},
      </if>
    </trim>
  </insert>
  <select id="countByExample" parameterType="sysRoleExample" resultType="java.lang.Integer" >
    select count(*) from sys_role
    <if test="_parameter != null" >
      <include refid="Example_Where_Clause" />
    </if>
  </select>
  <update id="updateByExampleSelective" parameterType="map" >
    update sys_role
    <set >
      <if test="record.roleId != null" >
        role_id = #{record.roleId,jdbcType=VARCHAR},
      </if>
      <if test="record.roleName != null" >
        role_name = #{record.roleName,jdbcType=VARCHAR},
      </if>
      <if test="record.available != null" >
        available = #{record.available,jdbcType=CHAR},
      </if>
    </set>
    <if test="_parameter != null" >
      <include refid="Update_By_Example_Where_Clause" />
    </if>
  </update>
  <update id="updateByExample" parameterType="map" >
    update sys_role
    set role_id = #{record.roleId,jdbcType=VARCHAR},
      role_name = #{record.roleName,jdbcType=VARCHAR},
      available = #{record.available,jdbcType=CHAR}
    <if test="_parameter != null" >
      <include refid="Update_By_Example_Where_Clause" />
    </if>
  </update>
  <update id="updateByPrimaryKeySelective" parameterType="sysRole" >
    update sys_role
    <set >
      <if test="roleName != null" >
        role_name = #{roleName,jdbcType=VARCHAR},
      </if>
      <if test="available != null" >
        available = #{available,jdbcType=CHAR},
      </if>
    </set>
    where role_id = #{roleId,jdbcType=VARCHAR}
  </update>
  <update id="updateByPrimaryKey" parameterType="sysRole" >
    update sys_role
    set role_name = #{roleName,jdbcType=VARCHAR},
      available = #{available,jdbcType=CHAR}
    where role_id = #{roleId,jdbcType=VARCHAR}
  </update>
</mapper>