<?xml version="1.0" encoding="UTF-8" ?>
<!DOCTYPE mapper PUBLIC "-//mybatis.org//DTD Mapper 3.0//EN" "http://mybatis.org/dtd/mybatis-3-mapper.dtd" >
<mapper namespace="com.megagao.production.ssm.mapper.DeviceFaultMapper" >
  <resultMap id="BaseResultMap" type="com.megagao.production.ssm.domain.DeviceFault" >
    <id column="device_fault_id" property="deviceFaultId" jdbcType="VARCHAR" />
    <result column="device_id" property="deviceId" jdbcType="VARCHAR" />
    <result column="device_fault_cause" property="deviceFaultCause" jdbcType="VARCHAR" />
    <result column="device_fault_detail" property="deviceFaultDetail" jdbcType="VARCHAR" />
    <result column="device_fault_date" property="deviceFaultDate" jdbcType="TIMESTAMP" />
    <result column="device_fault_maintenance" property="deviceFaultMaintenance" jdbcType="VARCHAR" />
  </resultMap>
  
  <resultMap id="AddResultMap" type="com.megagao.production.ssm.domain.vo.DeviceFaultVO" extends="BaseResultMap">
    <result column="device_name" property="deviceName" jdbcType="VARCHAR" />
  </resultMap>
  
	<!-- 扩展的sql -->
	<!-- 查询所有记录 -->
	<select id="find" parameterType="deviceFault" resultMap="AddResultMap">
		SELECT
			device_fault_id,
			device_fault.device_id,
			device_name,
			device_fault_cause,
			device_fault_detail,
			device_fault_date,
			device_fault_maintenance
		FROM
			device_fault,
			device
		WHERE
			device_fault.device_id = device.device_id
			
	</select>
	
	<!-- 查询所有记录 -->
	<select id="getData" resultMap="AddResultMap">
		SELECT
			*
		FROM
			device_fault
	</select>

	<!-- 批量删除 -->
	<delete id="deleteBatch">
		DELETE
		FROM
			device_fault
		WHERE
			device_fault_id IN
		<foreach collection="array" item="id" open="(" close=")" separator=",">
			#{id}
		</foreach>
	</delete>

	<!-- 修改故障原因-->
	<update id="updateNote" parameterType="com.megagao.production.ssm.domain.DeviceFault" >
		UPDATE device_fault
		SET device_fault_detail = #{deviceFaultDetail}
		WHERE
			device_fault_id = #{deviceFaultId,jdbcType=VARCHAR}
	</update>
  
  	<select id="searchDeviceFaultByDeviceFaultId" parameterType="string" resultMap="AddResultMap">
		SELECT
			device_fault_id,
			device_fault.device_id,
			device_name,
			device_fault_cause,
			device_fault_detail,
			device_fault_date,
			device_fault_maintenance
		FROM
			device_fault,
			device
		WHERE
			device_fault.device_id = device.device_id
		AND	device_fault_id LIKE CONCAT(
				'%',
				#{deviceFaultId},'%' ) 
	</select>
	
	<select id="searchDeviceFaultByDeviceName" parameterType="string" resultMap="AddResultMap">
		SELECT
			device_fault_id,
			device_fault.device_id,
			device_name,
			device_fault_cause,
			device_fault_detail,
			device_fault_date,
			device_fault_maintenance
		FROM
			device_fault,
			device
		WHERE
			device_fault.device_id = device.device_id
		AND	device_name LIKE CONCAT(
				'%',
				#{deviceName},'%' ) 
	</select>
	
	
  <sql id="Example_Where_Clause" >
    <where >
      <foreach collection="oredCriteria" item="criteria" separator="or" >
        <if test="criteria.valid" >
          <trim prefix="(" suffix=")" prefixOverrides="and" >
            <foreach collection="criteria.criteria" item="criterion" >
              <choose >
                <when test="criterion.noValue" >
                  and ${criterion.condition}
                </when>
                <when test="criterion.singleValue" >
                  and ${criterion.condition} #{criterion.value}
                </when>
                <when test="criterion.betweenValue" >
                  and ${criterion.condition} #{criterion.value} and #{criterion.secondValue}
                </when>
                <when test="criterion.listValue" >
                  and ${criterion.condition}
                  <foreach collection="criterion.value" item="listItem" open="(" close=")" separator="," >
                    #{listItem}
                  </foreach>
                </when>
              </choose>
            </foreach>
          </trim>
        </if>
      </foreach>
    </where>
  </sql>
  <sql id="Update_By_Example_Where_Clause" >
    <where >
      <foreach collection="example.oredCriteria" item="criteria" separator="or" >
        <if test="criteria.valid" >
          <trim prefix="(" suffix=")" prefixOverrides="and" >
            <foreach collection="criteria.criteria" item="criterion" >
              <choose >
                <when test="criterion.noValue" >
                  and ${criterion.condition}
                </when>
                <when test="criterion.singleValue" >
                  and ${criterion.condition} #{criterion.value}
                </when>
                <when test="criterion.betweenValue" >
                  and ${criterion.condition} #{criterion.value} and #{criterion.secondValue}
                </when>
                <when test="criterion.listValue" >
                  and ${criterion.condition}
                  <foreach collection="criterion.value" item="listItem" open="(" close=")" separator="," >
                    #{listItem}
                  </foreach>
                </when>
              </choose>
            </foreach>
          </trim>
        </if>
      </foreach>
    </where>
  </sql>
  <sql id="Base_Column_List" >
    device_fault_id, device_id, device_fault_cause, device_fault_detail, device_fault_date, 
    device_fault_maintenance
  </sql>
  <select id="selectByExample" resultMap="BaseResultMap" parameterType="com.megagao.production.ssm.domain.DeviceFaultExample" >
    select
    <if test="distinct" >
      distinct
    </if>
    <include refid="Base_Column_List" />
    from device_fault
    <if test="_parameter != null" >
      <include refid="Example_Where_Clause" />
    </if>
    <if test="orderByClause != null" >
      order by ${orderByClause}
    </if>
  </select>
  <select id="selectByPrimaryKey" resultMap="BaseResultMap" parameterType="java.lang.String" >
    select 
    <include refid="Base_Column_List" />
    from device_fault
    where device_fault_id = #{deviceFaultId,jdbcType=VARCHAR}
  </select>
  <delete id="deleteByPrimaryKey" parameterType="java.lang.String" >
    delete from device_fault
    where device_fault_id = #{deviceFaultId,jdbcType=VARCHAR}
  </delete>
  <delete id="deleteByExample" parameterType="com.megagao.production.ssm.domain.DeviceFaultExample" >
    delete from device_fault
    <if test="_parameter != null" >
      <include refid="Example_Where_Clause" />
    </if>
  </delete>
  <insert id="insert" parameterType="com.megagao.production.ssm.domain.DeviceFault" >
    insert into device_fault (device_fault_id, device_id, device_fault_cause, 
      device_fault_detail, device_fault_date, device_fault_maintenance
      )
    values (#{deviceFaultId,jdbcType=VARCHAR}, #{deviceId,jdbcType=VARCHAR}, #{deviceFaultCause,jdbcType=VARCHAR}, 
      #{deviceFaultDetail,jdbcType=VARCHAR}, #{deviceFaultDate,jdbcType=TIMESTAMP}, #{deviceFaultMaintenance,jdbcType=VARCHAR}
      )
  </insert>
  <insert id="insertSelective" parameterType="com.megagao.production.ssm.domain.DeviceFault" >
    insert into device_fault
    <trim prefix="(" suffix=")" suffixOverrides="," >
      <if test="deviceFaultId != null" >
        device_fault_id,
      </if>
      <if test="deviceId != null" >
        device_id,
      </if>
      <if test="deviceFaultCause != null" >
        device_fault_cause,
      </if>
      <if test="deviceFaultDetail != null" >
        device_fault_detail,
      </if>
      <if test="deviceFaultDate != null" >
        device_fault_date,
      </if>
      <if test="deviceFaultMaintenance != null" >
        device_fault_maintenance,
      </if>
    </trim>
    <trim prefix="values (" suffix=")" suffixOverrides="," >
      <if test="deviceFaultId != null" >
        #{deviceFaultId,jdbcType=VARCHAR},
      </if>
      <if test="deviceId != null" >
        #{deviceId,jdbcType=VARCHAR},
      </if>
      <if test="deviceFaultCause != null" >
        #{deviceFaultCause,jdbcType=VARCHAR},
      </if>
      <if test="deviceFaultDetail != null" >
        #{deviceFaultDetail,jdbcType=VARCHAR},
      </if>
      <if test="deviceFaultDate != null" >
        #{deviceFaultDate,jdbcType=TIMESTAMP},
      </if>
      <if test="deviceFaultMaintenance != null" >
        #{deviceFaultMaintenance,jdbcType=VARCHAR},
      </if>
    </trim>
  </insert>
  <select id="countByExample" parameterType="com.megagao.production.ssm.domain.DeviceFaultExample" resultType="java.lang.Integer" >
    select count(*) from device_fault
    <if test="_parameter != null" >
      <include refid="Example_Where_Clause" />
    </if>
  </select>
  <update id="updateByExampleSelective" parameterType="map" >
    update device_fault
    <set >
      <if test="record.deviceFaultId != null" >
        device_fault_id = #{record.deviceFaultId,jdbcType=VARCHAR},
      </if>
      <if test="record.deviceId != null" >
        device_id = #{record.deviceId,jdbcType=VARCHAR},
      </if>
      <if test="record.deviceFaultCause != null" >
        device_fault_cause = #{record.deviceFaultCause,jdbcType=VARCHAR},
      </if>
      <if test="record.deviceFaultDetail != null" >
        device_fault_detail = #{record.deviceFaultDetail,jdbcType=VARCHAR},
      </if>
      <if test="record.deviceFaultDate != null" >
        device_fault_date = #{record.deviceFaultDate,jdbcType=TIMESTAMP},
      </if>
      <if test="record.deviceFaultMaintenance != null" >
        device_fault_maintenance = #{record.deviceFaultMaintenance,jdbcType=VARCHAR},
      </if>
    </set>
    <if test="_parameter != null" >
      <include refid="Update_By_Example_Where_Clause" />
    </if>
  </update>
  <update id="updateByExample" parameterType="map" >
    update device_fault
    set device_fault_id = #{record.deviceFaultId,jdbcType=VARCHAR},
      device_id = #{record.deviceId,jdbcType=VARCHAR},
      device_fault_cause = #{record.deviceFaultCause,jdbcType=VARCHAR},
      device_fault_detail = #{record.deviceFaultDetail,jdbcType=VARCHAR},
      device_fault_date = #{record.deviceFaultDate,jdbcType=TIMESTAMP},
      device_fault_maintenance = #{record.deviceFaultMaintenance,jdbcType=VARCHAR}
    <if test="_parameter != null" >
      <include refid="Update_By_Example_Where_Clause" />
    </if>
  </update>
  <update id="updateByPrimaryKeySelective" parameterType="com.megagao.production.ssm.domain.DeviceFault" >
    update device_fault
    <set >
      <if test="deviceId != null" >
        device_id = #{deviceId,jdbcType=VARCHAR},
      </if>
      <if test="deviceFaultCause != null" >
        device_fault_cause = #{deviceFaultCause,jdbcType=VARCHAR},
      </if>
      <if test="deviceFaultDetail != null" >
        device_fault_detail = #{deviceFaultDetail,jdbcType=VARCHAR},
      </if>
      <if test="deviceFaultDate != null" >
        device_fault_date = #{deviceFaultDate,jdbcType=TIMESTAMP},
      </if>
      <if test="deviceFaultMaintenance != null" >
        device_fault_maintenance = #{deviceFaultMaintenance,jdbcType=VARCHAR},
      </if>
    </set>
    where device_fault_id = #{deviceFaultId,jdbcType=VARCHAR}
  </update>
  <update id="updateByPrimaryKey" parameterType="com.megagao.production.ssm.domain.DeviceFault" >
    update device_fault
    set device_id = #{deviceId,jdbcType=VARCHAR},
      device_fault_cause = #{deviceFaultCause,jdbcType=VARCHAR},
      device_fault_detail = #{deviceFaultDetail,jdbcType=VARCHAR},
      device_fault_date = #{deviceFaultDate,jdbcType=TIMESTAMP},
      device_fault_maintenance = #{deviceFaultMaintenance,jdbcType=VARCHAR}
    where device_fault_id = #{deviceFaultId,jdbcType=VARCHAR}
  </update>
</mapper>