<?xml version="1.0" encoding="UTF-8"?>
<ehcache updateCheck="false"  name="shirocache">
    <diskStore path="java.io.tmpdir"/>
    <!-- 登录记录缓存 锁定10分钟 -->
    <cache name="passwordRetryCache"
           maxEntriesLocalHeap="2000"
           eternal="false"
           timeToIdleSeconds="3600"
           timeToLiveSeconds="0"
           overflowToDisk="false"
           statistics="true">
    </cache>
    <cache name="authorizationCache"
           maxEntriesLocalHeap="2000"
           eternal="false"
           timeToIdleSeconds="3600"
           timeToLiveSeconds="0"
           overflowToDisk="false"
           statistics="true">
    </cache>
    <cache name="authenticationCache"
           maxEntriesLocalHeap="2000"
           eternal="false"
           timeToIdleSeconds="3600"
           timeToLiveSeconds="0"
           overflowToDisk="false"
           statistics="true">
    </cache>
    <cache name="shiro-activeSessionCache"
           maxEntriesLocalHeap="2000"
           eternal="false"
           timeToIdleSeconds="3600"
           timeToLiveSeconds="0"
           overflowToDisk="false"
           statistics="true">
    </cache>
    <cache name="shiro_cache"
    	   maxElementsInMemory="2000"
           maxEntriesLocalHeap="2000"
           eternal="false"
           timeToIdleSeconds="0"
           timeToLiveSeconds="0"
           maxElementsOnDisk="0"
           overflowToDisk="true"
           memoryStoreEvictionPolicy="FIFO"
           statistics="true">
    </cache>
</ehcache>